Table Name,Index Name,Total Size,Total Size of all Indexes,Table Size,Index Size,Estimated table row count
customer,idx_customer_c_address,320 MB,179 MB,141 MB,34 MB,750000
customer,idx_customer_c_phone,320 MB,179 MB,141 MB,23 MB,750000
customer,idx_customer_c_mktsegment,320 MB,179 MB,141 MB,5192 kB,750000
customer,idx_customer_c_comment,320 MB,179 MB,141 MB,73 MB,750000
customer,customer_pkey,320 MB,179 MB,141 MB,16 MB,750000
customer,idx_customer_c_name,320 MB,179 MB,141 MB,29 MB,750000
lineitem,idx_lineitem_l_shipmode,7527 MB,3130 MB,4396 MB,202 MB,29999796
lineitem,lineitem_pkey,7527 MB,3130 MB,4396 MB,643 MB,29999796
lineitem,idx_lineitem_l_comment,7527 MB,3130 MB,4396 MB,1085 MB,29999796
lineitem,idx_lineitem_l_shipinstruct,7527 MB,3130 MB,4396 MB,205 MB,29999796
lineitem,idx_lineitem_l_returnflag,7527 MB,3130 MB,4396 MB,198 MB,29999796
lineitem,l_rd,7527 MB,3130 MB,4396 MB,199 MB,29999796
lineitem,l_cd,7527 MB,3130 MB,4396 MB,199 MB,29999796
lineitem,l_sd,7527 MB,3130 MB,4396 MB,199 MB,29999796
lineitem,idx_lineitem_l_linestatus,7527 MB,3130 MB,4396 MB,198 MB,29999796
nation,nation_pkey,56 kB,48 kB,8192 bytes,16 kB,25
nation,idx_nation_n_comment,56 kB,48 kB,8192 bytes,16 kB,25
nation,idx_nation_n_name,56 kB,48 kB,8192 bytes,16 kB,25
orders,idx_orders_o_orderpriority,1903 MB,882 MB,1021 MB,50 MB,7500000
orders,idx_orders_o_comment,1903 MB,882 MB,1021 MB,518 MB,7500000
orders,orders_pkey,1903 MB,882 MB,1021 MB,161 MB,7500000
orders,o_od,1903 MB,882 MB,1021 MB,51 MB,7500000
orders,idx_orders_o_orderstatus,1903 MB,882 MB,1021 MB,50 MB,7500000
orders,idx_orders_o_clerk,1903 MB,882 MB,1021 MB,53 MB,7500000
part,idx_part_p_brand,283 MB,123 MB,160 MB,6912 kB,1000000
part,part_pkey,283 MB,123 MB,160 MB,21 MB,1000000
part,idx_part_p_type,283 MB,123 MB,160 MB,7040 kB,1000000
part,idx_part_p_container,283 MB,123 MB,160 MB,6920 kB,1000000
part,idx_part_p_comment,283 MB,123 MB,160 MB,21 MB,1000000
part,idx_part_p_name,283 MB,123 MB,160 MB,53 MB,1000000
part,idx_part_p_mfgr,283 MB,123 MB,160 MB,7032 kB,1000000
partsupp,partsupp_pkey,1480 MB,796 MB,684 MB,86 MB,4000000
partsupp,idx_partsupp_ps_supplycost,1480 MB,796 MB,684 MB,86 MB,4000000
partsupp,idx_partsupp_ps_comment,1480 MB,796 MB,684 MB,624 MB,4000000
region,idx_region_r_comment,56 kB,48 kB,8192 bytes,16 kB,5
region,idx_region_r_name,56 kB,48 kB,8192 bytes,16 kB,5
region,region_pkey,56 kB,48 kB,8192 bytes,16 kB,5
supplier,idx_supplier_s_name,20 MB,12 MB,8896 kB,2456 kB,50000
supplier,supplier_pkey,20 MB,12 MB,8896 kB,1112 kB,50000
supplier,idx_supplier_s_phone,20 MB,12 MB,8896 kB,1552 kB,50000
supplier,idx_supplier_s_address,20 MB,12 MB,8896 kB,2312 kB,50000
supplier,idx_supplier_s_comment,20 MB,12 MB,8896 kB,4432 kB,50000
(42 rows)
